id,first_name,last_name,email,gender,ip_address
1,Nedda,Thay,nthay0@stanford.edu,Female,14.113.220.210
2,Sal,Dillingston,sdillingston1@ovh.net,Male,250.91.112.103
3,Jerad,Bogays,jbogays2@cbsnews.com,Male,137.44.230.175
4,Grady,Gerger,ggerger3@state.tx.us,Male,70.195.89.156
5,Dione,Punyer,dpunyer4@amazon.com,Female,218.15.124.216
6,Tommie,Charville,tcharville5@gov.uk,Female,105.211.179.205
7,Gaye,Fontenot,gfontenot6@wp.com,Female,239.100.47.10
8,Julita,Klug,jklug7@yellowbook.com,Female,221.44.66.201
9,Brunhilda,Watters,bwatters8@nationalgeographic.com,Female,75.44.153.44
10,Shae,Howorth,showorth9@macromedia.com,Female,211.173.244.254
11,Wernher,Caunce,wcauncea@java.com,Male,149.219.234.237
12,Fairlie,Longstaffe,flongstaffeb@lycos.com,Male,52.224.53.129
13,Aharon,Southorn,asouthornc@virginia.edu,Male,169.83.179.20
14,Faber,Colliford,fcollifordd@webnode.com,Male,66.92.53.165
15,Marne,Basillon,mbasillone@technorati.com,Female,82.11.199.34
16,Colleen,Bortolini,cbortolinif@yellowpages.com,Bigender,108.55.41.111
17,Upton,Elwood,uelwoodg@biglobe.ne.jp,Male,230.253.155.151
18,Gabbey,Austwick,gaustwickh@istockphoto.com,Female,191.223.62.107
19,Adrian,Aven,aaveni@skype.com,Bigender,242.89.204.116
20,Patton,Casale,pcasalej@chicagotribune.com,Male,167.139.234.134
21,Gunner,Lacelett,glacelettk@buzzfeed.com,Male,184.223.215.35
22,Hedy,Grissett,hgrissettl@geocities.com,Female,134.179.243.254
23,Bride,Alishoner,balishonerm@ustream.tv,Bigender,25.141.253.216
24,Bonnie,O'Howbane,bohowbanen@gmpg.org,Bigender,218.162.29.231
25,Sheridan,Ragate,sragateo@boston.com,Male,30.236.223.64
26,Drew,Worner,dwornerp@geocities.com,Male,150.234.34.255
27,Cesya,Spinley,cspinleyq@ifeng.com,Non-binary,129.237.181.208
28,Isidora,Martinson,imartinsonr@nationalgeographic.com,Bigender,105.125.137.138
29,Coretta,Martusov,cmartusovs@google.fr,Female,92.153.12.14
30,Say,Bassindale,sbassindalet@mapquest.com,Male,251.1.30.103
31,Lorianne,Reddle,lreddleu@etsy.com,Bigender,60.177.115.110
32,Bellina,Kyrkeman,bkyrkemanv@example.com,Female,1.33.60.68
33,Raimund,Dale,rdalew@geocities.jp,Male,117.153.108.130
34,Lisbeth,Pendle,lpendlex@scribd.com,Female,76.163.100.224
35,Susanne,Elcock,selcocky@sohu.com,Female,17.189.196.254
36,Emilie,Bradfield,ebradfieldz@live.com,Female,197.58.244.63
37,Ferdinanda,Edlyne,fedlyne10@bloglines.com,Female,232.14.160.218
38,Merle,Kienl,mkienl11@fda.gov,Female,218.181.47.70
39,Kurt,Alleburton,kalleburton12@desdev.cn,Male,219.91.134.233
40,Patrick,Rope,prope13@posterous.com,Male,246.215.53.227
41,Manny,Fyrth,mfyrth14@cyberchimps.com,Male,57.3.201.141
42,Mariann,Roggerone,mroggerone15@1und1.de,Female,136.32.73.210
43,Ring,Pennigar,rpennigar16@sohu.com,Male,212.200.50.47
44,Marillin,O' Byrne,mobyrne17@last.fm,Female,231.106.180.103
45,Smith,Pyer,spyer18@senate.gov,Male,130.20.6.100
46,Cesya,Duny,cduny19@netscape.com,Female,163.131.79.171
47,Arlee,Crotty,acrotty1a@amazon.co.jp,Female,189.148.81.35
48,Inga,Cushworth,icushworth1b@foxnews.com,Female,19.140.131.70
49,Ernest,Cheshire,echeshire1c@usatoday.com,Male,206.92.178.236
50,Rodolph,Petruszka,rpetruszka1d@123-reg.co.uk,Male,234.188.6.45
51,Hymie,Labone,hlabone1e@home.pl,Male,142.141.213.148
52,Frederic,Magister,fmagister1f@vinaora.com,Male,247.237.98.120
53,Emlyn,Ikins,eikins1g@china.com.cn,Female,213.142.88.133
54,Alfred,Elnough,aelnough1h@slate.com,Male,205.185.66.146
55,Florentia,Ferrettini,fferrettini1i@infoseek.co.jp,Female,123.124.227.113
56,Reuben,Haberfield,rhaberfield1j@devhub.com,Male,183.187.237.67
57,Britte,Hurche,bhurche1k@ucoz.com,Female,93.41.31.123
58,Meris,Bowskill,mbowskill1l@sakura.ne.jp,Female,125.17.181.160
59,Washington,Doale,wdoale1m@usatoday.com,Male,99.165.92.2
60,Damara,Batalle,dbatalle1n@is.gd,Female,105.74.144.169
61,Say,Kennett,skennett1o@bbb.org,Male,231.217.222.153
62,Jarred,Lannin,jlannin1p@wikispaces.com,Male,160.202.222.4
63,Marcie,Pickersgill,mpickersgill1q@networkadvertising.org,Female,178.87.112.135
64,Talbot,Mallinder,tmallinder1r@berkeley.edu,Genderqueer,74.141.119.204
65,Manya,Bolt,mbolt1s@nifty.com,Female,233.246.7.105
66,Bradley,Meaders,bmeaders1t@goodreads.com,Male,88.66.67.76
67,Garret,Secombe,gsecombe1u@devhub.com,Male,28.112.23.25
68,Elie,Gehrtz,egehrtz1v@ask.com,Female,69.198.31.148
69,Louie,Trow,ltrow1w@twitpic.com,Male,37.130.125.242
70,Arte,McGlue,amcglue1x@bbc.co.uk,Male,172.241.47.68
71,Reinald,Tiesman,rtiesman1y@slashdot.org,Male,224.31.29.130
72,Homerus,Laker,hlaker1z@blogger.com,Male,41.149.162.154
73,Trenton,Vasilyev,tvasilyev20@sun.com,Male,234.165.253.231
74,Shadow,Phillipps,sphillipps21@constantcontact.com,Male,80.194.108.138
75,Ora,Gumby,ogumby22@digg.com,Female,92.128.251.238
76,Rudolph,Swaffield,rswaffield23@hp.com,Male,55.149.133.117
77,Jannel,Harbour,jharbour24@ox.ac.uk,Female,100.216.145.172
78,Bevan,Dunnan,bdunnan25@rambler.ru,Male,172.215.89.174
79,Alano,Ebertz,aebertz26@wsj.com,Male,74.0.120.250
80,Ardene,Brosenius,abrosenius27@devhub.com,Bigender,10.63.130.22
81,Ailsun,Iskowitz,aiskowitz28@cocolog-nifty.com,Female,44.53.140.4
82,Pansy,Penlington,ppenlington29@nature.com,Female,89.218.233.28
83,Isidora,Laboune,ilaboune2a@exblog.jp,Non-binary,139.226.194.233
84,Mendy,Dunstan,mdunstan2b@unesco.org,Male,12.239.32.90
85,Terence,Storks,tstorks2c@go.com,Male,117.83.147.98
86,Ximenez,Pyzer,xpyzer2d@netlog.com,Male,136.113.160.71
87,Luci,Elphee,lelphee2e@cisco.com,Female,192.45.141.238
88,Darcy,Berriman,dberriman2f@shinystat.com,Male,0.187.78.184
89,Jania,Bafford,jbafford2g@wiley.com,Female,101.68.218.46
90,Hertha,Patemore,hpatemore2h@trellian.com,Female,58.20.213.225
91,Mannie,Messitt,mmessitt2i@desdev.cn,Male,78.2.255.248
92,Lucina,Scruby,lscruby2j@wikispaces.com,Genderqueer,83.84.67.110
93,Lacee,Hollingby,lhollingby2k@opera.com,Female,52.20.157.52
94,Darrin,Farnham,dfarnham2l@fema.gov,Male,80.49.45.40
95,Antons,Ellings,aellings2m@businessweek.com,Male,253.198.67.109
96,Edna,Houldin,ehouldin2n@google.ru,Female,148.209.150.74
97,Tersina,Gouge,tgouge2o@delicious.com,Female,32.150.166.176
98,Colleen,Whitlaw,cwhitlaw2p@canalblog.com,Female,5.193.131.215
99,Verney,Chatterton,vchatterton2q@bigcartel.com,Male,102.29.19.204
100,Bamby,Peart,bpeart2r@bloomberg.com,Female,36.250.227.108
101,Chaddy,von Grollmann,cvongrollmann2s@nsw.gov.au,Male,255.64.140.192
102,Wilfred,Pratten,wpratten2t@nymag.com,Male,7.240.141.6
103,Blane,Sigmund,bsigmund2u@mysql.com,Male,83.92.236.82
104,Ursulina,Bachura,ubachura2v@google.pl,Female,61.89.160.96
105,Amy,Lusk,alusk2w@home.pl,Female,181.5.13.18
106,Wiley,Fardoe,wfardoe2x@elegantthemes.com,Male,151.224.233.64
107,Hagan,Rennox,hrennox2y@nytimes.com,Male,18.233.251.32
108,Griffy,Blinerman,gblinerman2z@flickr.com,Male,185.67.178.64
109,Aland,Minard,aminard30@shop-pro.jp,Male,68.189.183.205
110,Haroun,Summerside,hsummerside31@edublogs.org,Male,72.10.107.178
111,Evania,Yewdall,eyewdall32@themeforest.net,Female,243.149.21.138
112,Merilyn,Gagan,mgagan33@alibaba.com,Female,59.190.180.133
113,Theresita,Brydie,tbrydie34@admin.ch,Female,146.197.113.200
114,Ruben,Cregan,rcregan35@epa.gov,Male,54.74.91.57
115,Shirleen,Swan,sswan36@storify.com,Female,150.242.149.188
116,Waylin,Buttner,wbuttner37@php.net,Bigender,104.55.74.164
117,Orbadiah,Ast,oast38@twitter.com,Male,99.2.181.62
118,Shaylynn,Smeeton,ssmeeton39@yale.edu,Female,129.9.76.135
119,Marabel,Cogin,mcogin3a@odnoklassniki.ru,Female,198.149.59.182
120,Teodoor,Kennicott,tkennicott3b@comsenz.com,Male,42.39.158.159
121,Bordy,Beckford,bbeckford3c@umich.edu,Male,190.56.133.4
122,Osbourne,Children,ochildren3d@reddit.com,Male,254.244.59.148
123,Yehudi,Wandrich,ywandrich3e@ted.com,Male,83.164.114.213
124,Mauricio,Joberne,mjoberne3f@sciencedaily.com,Genderfluid,251.125.10.162
125,Gunar,Ford,gford3g@time.com,Male,183.13.142.189
126,Maurice,Benjefield,mbenjefield3h@dell.com,Male,47.20.145.158
127,Tanitansy,Spiby,tspiby3i@de.vu,Female,189.27.94.164
128,Maris,Bockler,mbockler3j@adobe.com,Female,15.163.22.139
129,Torey,MacCardle,tmaccardle3k@columbia.edu,Female,117.145.157.169
130,Marget,Gobolos,mgobolos3l@nsw.gov.au,Female,226.155.154.13
131,Carolina,Burtwhistle,cburtwhistle3m@irs.gov,Female,172.195.49.95
132,Kimberli,Sewley,ksewley3n@dailymail.co.uk,Female,176.158.250.67
133,Gerty,Hue,ghue3o@example.com,Female,127.101.163.28
134,Reinwald,Mair,rmair3p@nsw.gov.au,Male,234.205.171.6
135,Darline,Fuggle,dfuggle3q@plala.or.jp,Female,74.66.68.203
136,Anthe,Pauling,apauling3r@yolasite.com,Non-binary,132.85.11.15
137,Gualterio,Jouaneton,gjouaneton3s@wufoo.com,Male,203.59.106.189
138,Kevon,Grimster,kgrimster3t@guardian.co.uk,Male,49.247.139.204
139,Charyl,Aldrich,caldrich3u@topsy.com,Female,43.43.200.59
140,Herby,Athowe,hathowe3v@taobao.com,Male,91.148.181.27
141,Leontine,Jacobowicz,ljacobowicz3w@earthlink.net,Female,93.34.189.84
142,Lorrie,Alner,lalner3x@youtu.be,Female,123.114.71.89
143,Vidovic,Southway,vsouthway3y@yolasite.com,Male,250.136.133.58
144,Jess,Veale,jveale3z@blogtalkradio.com,Male,178.96.234.66
145,Nathalia,Astupenas,nastupenas40@sina.com.cn,Female,126.184.80.103
146,Jillana,Booij,jbooij41@geocities.jp,Female,170.198.27.63
147,Danna,Dennis,ddennis42@smh.com.au,Female,189.110.10.50
148,Phelia,Brion,pbrion43@unblog.fr,Female,60.112.14.156
149,Viv,Jaulme,vjaulme44@imageshack.us,Female,69.66.170.158
150,Felipe,Mouser,fmouser45@reference.com,Male,137.165.152.99
151,Myra,Slidders,mslidders46@auda.org.au,Female,174.201.240.116
152,Kylila,Prover,kprover47@businessweek.com,Non-binary,0.132.72.161
153,Saraann,Coppard,scoppard48@oakley.com,Female,160.55.115.37
154,Chere,Baggelley,cbaggelley49@earthlink.net,Polygender,17.13.26.245
155,Ashil,Shelp,ashelp4a@blogspot.com,Non-binary,116.236.43.114
156,Alyssa,Filppetti,afilppetti4b@tumblr.com,Female,128.127.239.152
157,Arley,Corrison,acorrison4c@imdb.com,Male,92.77.42.235
158,Andrei,Deary,adeary4d@yellowbook.com,Female,88.59.25.110
159,Nathaniel,Whillock,nwhillock4e@flickr.com,Male,118.220.220.31
160,Don,Ballchin,dballchin4f@answers.com,Male,41.145.224.233
161,Clyve,Suero,csuero4g@loc.gov,Polygender,208.83.132.160
162,Cal,Tailby,ctailby4h@photobucket.com,Female,80.17.196.60
163,Boniface,Darleston,bdarleston4i@google.co.uk,Male,143.57.209.139
164,Mareah,Symcock,msymcock4j@whitehouse.gov,Female,205.129.235.153
165,Rorie,Dempsey,rdempsey4k@weather.com,Female,224.32.164.216
166,Ninnetta,Langshaw,nlangshaw4l@jiathis.com,Female,82.22.45.55
167,Yancy,Volleth,yvolleth4m@cpanel.net,Male,101.223.187.11
168,Ernst,L'Archer,elarcher4n@sbwire.com,Male,214.74.137.101
169,Scott,Cleugher,scleugher4o@hexun.com,Male,235.28.195.122
170,Brittany,Kamiyama,bkamiyama4p@smugmug.com,Female,227.158.94.159
171,Alberik,Trafford,atrafford4q@yahoo.co.jp,Agender,29.185.45.78
172,Frasco,Becom,fbecom4r@cafepress.com,Male,150.155.237.196
173,Noelani,Musselwhite,nmusselwhite4s@hp.com,Female,48.27.239.47
174,Philomena,Woodgate,pwoodgate4t@domainmarket.com,Female,169.107.56.136
175,Carie,Leggott,cleggott4u@wp.com,Female,29.238.200.113
176,Izak,Norwood,inorwood4v@mashable.com,Male,217.21.188.61
177,Donetta,Grassett,dgrassett4w@mit.edu,Female,24.218.228.89
178,Kev,Abbey,kabbey4x@thetimes.co.uk,Male,252.20.44.59
179,Ansley,Nicol,anicol4y@upenn.edu,Agender,44.0.68.251
180,Blaire,Heiss,bheiss4z@yellowbook.com,Genderfluid,133.135.53.156
181,Clerkclaude,Sydes,csydes50@jiathis.com,Male,218.170.115.239
182,Chrissy,Caplis,ccaplis51@multiply.com,Male,171.76.244.31
183,Reeba,Ronisch,rronisch52@so-net.ne.jp,Female,21.126.0.120
184,Carol-jean,Yeowell,cyeowell53@nih.gov,Female,2.45.91.207
185,Osgood,Dzeniskevich,odzeniskevich54@trellian.com,Male,74.176.249.78
186,Dun,James,djames55@answers.com,Male,63.9.116.49
187,Damon,Cromack,dcromack56@icio.us,Male,64.231.48.84
188,Worth,Wallbridge,wwallbridge57@yale.edu,Male,163.45.158.57
189,Tessi,Szymanski,tszymanski58@tamu.edu,Female,96.196.127.2
190,Udale,Gepp,ugepp59@salon.com,Male,63.92.127.121
191,Shermy,Lerven,slerven5a@angelfire.com,Bigender,61.33.40.58
192,Delila,Wrate,dwrate5b@eepurl.com,Female,152.181.230.55
193,Pedro,Needs,pneeds5c@moonfruit.com,Male,213.139.22.131
194,Jayson,Cauldfield,jcauldfield5d@joomla.org,Male,191.1.244.247
195,Caleb,Hurlston,churlston5e@last.fm,Male,118.168.64.34
196,Lolita,Fenelon,lfenelon5f@live.com,Female,222.215.157.2
197,Ludovico,Miskimmon,lmiskimmon5g@dagondesign.com,Male,235.142.176.136
198,Beaufort,Vearncombe,bvearncombe5h@archive.org,Male,182.119.145.89
199,Lizbeth,Soldan,lsoldan5i@disqus.com,Female,175.145.24.36
200,Cordy,O'Leary,coleary5j@ucsd.edu,Female,140.94.231.95
201,Carlene,Readwood,creadwood5k@cafepress.com,Female,42.19.228.135
202,Kimble,Leirmonth,kleirmonth5l@amazon.com,Male,117.33.118.168
203,Jasen,Paulou,jpaulou5m@booking.com,Polygender,248.44.165.58
204,Kelsi,Pensom,kpensom5n@domainmarket.com,Female,117.227.93.219
205,Baillie,Willicott,bwillicott5o@usatoday.com,Male,21.136.88.154
206,Alexi,Whitcomb,awhitcomb5p@eventbrite.com,Female,15.81.193.250
207,Burnard,Francesco,bfrancesco5q@google.com,Male,249.158.153.0
208,Judith,Bikker,jbikker5r@slideshare.net,Genderqueer,3.61.178.254
209,Cameron,Cansdell,ccansdell5s@admin.ch,Male,76.117.11.191
210,Vaclav,Kneeshaw,vkneeshaw5t@ft.com,Male,56.134.111.20
211,Archambault,Davenport,adavenport5u@jugem.jp,Non-binary,44.250.250.218
212,Zeke,Lockery,zlockery5v@altervista.org,Male,167.119.225.146
213,Haskel,Petren,hpetren5w@paypal.com,Male,77.55.142.41
214,Carlin,Adel,cadel5x@ucoz.ru,Female,145.138.195.214
215,Wilbur,Lestor,wlestor5y@scientificamerican.com,Male,100.191.234.35
216,Clint,Magenny,cmagenny5z@a8.net,Male,245.230.82.176
217,Niki,Filippello,nfilippello60@hao123.com,Male,209.142.179.96
218,Maddy,Duiged,mduiged61@netscape.com,Male,130.125.155.152
219,Benjamen,Dignall,bdignall62@prnewswire.com,Male,48.177.28.178
220,Ardenia,Finney,afinney63@myspace.com,Female,70.28.196.142
221,Lombard,Poynzer,lpoynzer64@moonfruit.com,Male,116.188.55.99
222,Leia,Whitaker,lwhitaker65@npr.org,Female,216.34.81.169
223,Lars,Statersfield,lstatersfield66@bloglines.com,Male,199.135.216.206
224,Kurtis,Kirkham,kkirkham67@xing.com,Male,218.72.161.240
225,Alix,Pimblotte,apimblotte68@myspace.com,Agender,123.157.233.58
226,Amity,Bauckham,abauckham69@squarespace.com,Female,251.44.88.162
227,Vinny,Relph,vrelph6a@pagesperso-orange.fr,Male,58.175.206.22
228,Any,Cordelle,acordelle6b@mozilla.com,Male,143.5.220.198
229,Halsey,Crocroft,hcrocroft6c@linkedin.com,Male,202.167.42.136
230,Gisele,Mathers,gmathers6d@wikispaces.com,Female,189.55.42.235
231,Lorene,Oades,loades6e@godaddy.com,Female,100.141.245.226
232,Quinn,Elleton,qelleton6f@wisc.edu,Male,42.213.196.31
233,Allan,Harsum,aharsum6g@sohu.com,Male,123.60.5.148
234,Eamon,Sommerville,esommerville6h@pagesperso-orange.fr,Male,26.24.145.83
235,Carla,Drei,cdrei6i@geocities.jp,Female,42.87.95.129
236,Krystyna,McGettigan,kmcgettigan6j@umich.edu,Female,136.225.183.25
237,Sigismondo,Bairstow,sbairstow6k@netvibes.com,Male,148.213.31.67
238,Damara,Egdell,degdell6l@homestead.com,Female,187.232.197.193
239,Michele,Sixsmith,msixsmith6m@fotki.com,Female,92.160.25.117
240,Billye,Gayton,bgayton6n@pbs.org,Female,149.54.54.16
241,Rossy,Herety,rherety6o@who.int,Male,2.14.179.109
242,Selie,Borwick,sborwick6p@theguardian.com,Female,215.29.64.72
243,Hally,Dahlgren,hdahlgren6q@123-reg.co.uk,Female,115.182.50.246
244,Sosanna,Greathead,sgreathead6r@smh.com.au,Female,236.238.117.36
245,Daniela,McIndrew,dmcindrew6s@sakura.ne.jp,Female,209.121.60.84
246,Bowie,O'Fogarty,bofogarty6t@forbes.com,Male,45.113.220.154
247,Rebbecca,Cutbirth,rcutbirth6u@boston.com,Female,56.172.148.3
248,Osbourne,Burnsides,oburnsides6v@toplist.cz,Male,41.169.95.118
249,Bailie,Wewell,bwewell6w@delicious.com,Male,68.225.213.96
250,Kay,Kemster,kkemster6x@msu.edu,Female,110.198.134.229
251,Ives,Whenham,iwhenham6y@studiopress.com,Male,254.238.174.157
252,Michelina,Tuvey,mtuvey6z@ft.com,Female,202.55.120.171
253,Daisi,Shewring,dshewring70@illinois.edu,Female,44.201.16.65
254,Dean,Laval,dlaval71@flavors.me,Male,101.213.95.185
255,Lindsy,Forrest,lforrest72@ameblo.jp,Female,74.201.244.176
256,Denis,Caton,dcaton73@parallels.com,Male,115.203.179.103
257,Rodrigo,Reynault,rreynault74@webs.com,Polygender,2.219.109.50
258,Linoel,Poytres,lpoytres75@ft.com,Male,95.126.195.217
259,Lance,Solomonides,lsolomonides76@cocolog-nifty.com,Male,219.98.80.129
260,Candie,Goodlad,cgoodlad77@blogspot.com,Female,49.137.209.147
261,Geoffry,Girardy,ggirardy78@qq.com,Male,45.9.175.116
262,Myrle,Pirouet,mpirouet79@bing.com,Female,11.68.34.90
263,Darby,Wistance,dwistance7a@bbc.co.uk,Male,109.185.85.54
264,Sherwood,Artrick,sartrick7b@weather.com,Male,146.170.176.145
265,Kimberlyn,Whithorn,kwhithorn7c@unesco.org,Female,138.77.20.149
266,Evelin,Archbald,earchbald7d@surveymonkey.com,Male,78.143.80.87
267,Keely,Kornyshev,kkornyshev7e@house.gov,Female,22.102.184.56
268,Moyra,Janoschek,mjanoschek7f@marriott.com,Female,212.82.230.152
269,Charlean,Hugnin,chugnin7g@globo.com,Female,12.127.98.218
270,Darin,McBryde,dmcbryde7h@apple.com,Male,20.189.204.123
271,Lelah,Dunton,ldunton7i@mapquest.com,Female,153.229.122.52
272,Ogden,Hymor,ohymor7j@liveinternet.ru,Male,170.25.198.144
273,Ode,Schout,oschout7k@reference.com,Male,231.83.40.226
274,Standford,Libri,slibri7l@hc360.com,Male,93.149.151.168
275,Kimberli,Boyen,kboyen7m@squarespace.com,Female,106.99.226.47
276,Virgie,Jerschke,vjerschke7n@last.fm,Female,107.155.215.255
277,Herold,Crunkhurn,hcrunkhurn7o@istockphoto.com,Bigender,58.40.221.205
278,Shelton,Sigfrid,ssigfrid7p@yahoo.com,Male,199.216.138.48
279,Heall,Eseler,heseler7q@e-recht24.de,Male,8.245.143.156
280,Jeri,Tomaselli,jtomaselli7r@go.com,Female,71.224.44.141
281,Ingamar,Borg-Bartolo,iborgbartolo7s@wordpress.com,Male,205.53.169.222
282,Blondy,Bernuzzi,bbernuzzi7t@senate.gov,Female,237.240.164.14
283,Row,Veltman,rveltman7u@geocities.com,Female,39.192.199.63
284,Marcellina,Oultram,moultram7v@people.com.cn,Female,10.67.128.81
285,Bryant,Spinney,bspinney7w@php.net,Male,26.73.63.65
286,Rosina,Floweth,rfloweth7x@cafepress.com,Female,121.227.170.181
287,Care,Botten,cbotten7y@blogtalkradio.com,Male,33.173.34.178
288,Veronike,Considine,vconsidine7z@sakura.ne.jp,Female,226.130.62.94
289,Carmela,Morse,cmorse80@t-online.de,Female,34.36.222.188
290,Sonia,Baptista,sbaptista81@tuttocitta.it,Female,194.39.202.231
291,Janeen,Pifford,jpifford82@guardian.co.uk,Female,166.249.129.198
292,Rolph,Chappel,rchappel83@howstuffworks.com,Male,151.64.80.78
293,Alla,Renny,arenny84@salon.com,Female,251.153.149.228
294,Sena,Gamage,sgamage85@reuters.com,Female,69.83.152.209
295,Dela,Slatter,dslatter86@bravesites.com,Genderqueer,81.22.23.159
296,Lindy,Tubridy,ltubridy87@blogtalkradio.com,Male,24.187.100.22
297,Emogene,Macon,emacon88@twitpic.com,Female,77.171.68.167
298,Tamas,Timothy,ttimothy89@mediafire.com,Male,100.185.43.237
299,Kare,Charity,kcharity8a@ocn.ne.jp,Female,58.117.59.48
300,Merell,Tigner,mtigner8b@tinypic.com,Male,72.111.118.34
301,Kearney,Macallam,kmacallam8c@foxnews.com,Male,146.4.206.91
302,Darrell,Ryburn,dryburn8d@altervista.org,Male,53.11.41.4
303,Marleen,Van den Bosch,mvandenbosch8e@aol.com,Female,154.112.4.38
304,Ranna,Tomanek,rtomanek8f@netscape.com,Female,249.71.231.58
305,Petr,Stealey,pstealey8g@state.tx.us,Male,121.59.194.209
306,Viviana,Waker,vwaker8h@sbwire.com,Genderfluid,190.184.27.102
307,Del,Painswick,dpainswick8i@si.edu,Male,46.64.93.210
308,Cordie,Frances,cfrances8j@netscape.com,Male,139.221.139.222
309,Roberto,Rivitt,rrivitt8k@imgur.com,Male,98.63.223.86
310,Marnie,Week,mweek8l@xrea.com,Female,101.13.132.184
311,Oliver,Govinlock,ogovinlock8m@ezinearticles.com,Male,110.181.198.234
312,Eleni,Ende,eende8n@jiathis.com,Female,9.245.235.204
313,Georgiana,Katt,gkatt8o@simplemachines.org,Female,245.209.158.43
314,Valli,Berthomier,vberthomier8p@wordpress.com,Female,84.125.216.2
315,Helenka,Vanini,hvanini8q@answers.com,Female,112.12.140.156
316,Brion,Messager,bmessager8r@flavors.me,Male,203.131.207.181
317,Raimund,Worsley,rworsley8s@archive.org,Non-binary,156.59.186.39
318,Elihu,Jaffra,ejaffra8t@scientificamerican.com,Male,144.53.140.49
319,Gottfried,Winchcum,gwinchcum8u@scribd.com,Male,249.91.32.141
320,Oby,Giacovazzo,ogiacovazzo8v@networksolutions.com,Male,168.226.179.86
321,Gill,Rickwood,grickwood8w@drupal.org,Male,228.127.101.71
322,Wallie,Branno,wbranno8x@buzzfeed.com,Male,202.250.203.52
323,Amalle,Enos,aenos8y@biblegateway.com,Female,27.155.41.154
324,Philly,Wickardt,pwickardt8z@slashdot.org,Female,224.7.8.207
325,Piggy,Windas,pwindas90@goodreads.com,Male,128.198.45.217
326,Tiphany,Frapwell,tfrapwell91@dmoz.org,Female,191.174.75.235
327,Letti,Trappe,ltrappe92@weather.com,Female,133.204.123.22
328,Avis,Hoston,ahoston93@shop-pro.jp,Female,168.206.242.120
329,Onofredo,Salvidge,osalvidge94@deliciousdays.com,Male,110.3.214.221
330,Zachary,Inchan,zinchan95@deliciousdays.com,Male,122.137.244.110
331,Sonya,Flude,sflude96@com.com,Non-binary,243.201.20.142
332,Broddie,Palle,bpalle97@go.com,Male,61.121.212.76
333,Abey,Gladtbach,agladtbach98@wikipedia.org,Male,120.138.20.8
334,Elissa,Heathwood,eheathwood99@mozilla.org,Female,143.34.211.56
335,Ethelbert,Keough,ekeough9a@exblog.jp,Male,23.128.24.67
336,Dorie,Antunes,dantunes9b@yolasite.com,Genderfluid,43.184.188.219
337,Rosalia,Olligan,rolligan9c@acquirethisname.com,Female,142.34.57.37
338,Donavon,Spring,dspring9d@narod.ru,Male,77.119.4.234
339,Annissa,O'Shirine,aoshirine9e@exblog.jp,Female,155.187.223.33
340,Marlowe,Jerram,mjerram9f@wsj.com,Male,72.112.198.218
341,Hadleigh,Joris,hjoris9g@merriam-webster.com,Male,201.25.231.92
342,Bernhard,Findlater,bfindlater9h@mapy.cz,Male,37.254.19.202
343,Aldric,Caisley,acaisley9i@friendfeed.com,Male,96.124.84.21
344,Celestyna,Artinstall,cartinstall9j@ocn.ne.jp,Female,135.93.100.137
345,Son,Flaherty,sflaherty9k@storify.com,Male,47.29.192.81
346,Gavin,Malcolmson,gmalcolmson9l@hud.gov,Male,27.149.67.42
347,Noel,Unsworth,nunsworth9m@trellian.com,Female,169.18.190.184
348,Ilse,Flag,iflag9n@mapy.cz,Female,122.197.188.229
349,Bertrando,Barkshire,bbarkshire9o@phpbb.com,Male,248.99.195.90
350,Stormy,Scotting,sscotting9p@goo.ne.jp,Female,207.46.36.163
351,Haskel,Bakster,hbakster9q@google.it,Male,235.167.106.190
352,Sterling,Ferenc,sferenc9r@cisco.com,Male,154.206.82.0
353,Lilian,Boscott,lboscott9s@tripadvisor.com,Female,125.100.68.247
354,Mike,Emons,memons9t@4shared.com,Male,104.4.135.81
355,Carmelita,Chimenti,cchimenti9u@ehow.com,Female,37.24.43.181
356,Samantha,Kinningley,skinningley9v@phpbb.com,Female,233.88.109.212
357,Nicolle,Grinnikov,ngrinnikov9w@answers.com,Genderfluid,54.250.205.62
358,Tobye,Pepper,tpepper9x@state.tx.us,Agender,106.173.50.160
359,Hogan,Alldritt,halldritt9y@oaic.gov.au,Male,126.85.234.47
360,Felice,Benninck,fbenninck9z@wufoo.com,Female,115.253.45.108
361,Cece,Hallam,challama0@ebay.com,Male,41.117.221.153
362,Tiena,Darragon,tdarragona1@oracle.com,Female,92.131.9.23
363,Donalt,Thorne,dthornea2@themeforest.net,Bigender,220.207.160.136
364,David,MacCourt,dmaccourta3@zimbio.com,Male,200.21.204.160
365,Roi,Coppard,rcopparda4@indiatimes.com,Male,180.55.115.96
366,Zollie,Scopes,zscopesa5@prlog.org,Male,27.110.213.199
367,Gerianna,Bedminster,gbedminstera6@ovh.net,Female,116.216.193.142
368,Anatola,Gasken,agaskena7@hugedomains.com,Female,182.249.225.215
369,Davon,Braven,dbravena8@wix.com,Male,95.177.134.98
370,Mariejeanne,Shurville,mshurvillea9@prlog.org,Female,58.106.0.20
371,Milli,Lyddiard,mlyddiardaa@feedburner.com,Female,141.102.76.18
372,Rhodie,Rumford,rrumfordab@state.tx.us,Female,172.253.175.136
373,Bertrand,Stennine,bstennineac@godaddy.com,Male,60.7.128.209
374,Quinlan,Seggie,qseggiead@paginegialle.it,Male,223.224.197.147
375,Garik,Allcott,gallcottae@google.fr,Polygender,146.171.198.91
376,Skelly,Labes,slabesaf@yale.edu,Male,34.222.200.28
377,Torey,Walewicz,twalewiczag@bigcartel.com,Female,70.27.208.49
378,Bonita,Clint,bclintah@yellowbook.com,Female,146.86.55.115
379,Amery,Matteini,amatteiniai@forbes.com,Male,33.219.215.72
380,Orbadiah,Francescozzi,ofrancescozziaj@ucoz.com,Male,134.28.180.31
381,Julina,Bloy,jbloyak@hhs.gov,Female,194.79.178.221
382,Catlaina,Polet,cpoletal@last.fm,Female,245.78.241.238
383,Martin,Nodin,mnodinam@accuweather.com,Male,241.22.181.198
384,Sheba,Gerty,sgertyan@reddit.com,Female,52.116.231.161
385,Pietro,Klimaszewski,pklimaszewskiao@feedburner.com,Non-binary,43.3.187.124
386,Birch,Brennan,bbrennanap@networksolutions.com,Male,124.108.40.199
387,Jeffrey,McEnhill,jmcenhillaq@geocities.com,Male,37.2.244.103
388,Jermaine,Ronca,jroncaar@icio.us,Male,225.238.87.120
389,Grove,Shellard,gshellardas@list-manage.com,Non-binary,217.45.200.20
390,Tiler,Bang,tbangat@epa.gov,Male,61.162.37.239
391,Clementius,Knatt,cknattau@chicagotribune.com,Male,132.164.46.2
392,Camila,Waldocke,cwaldockeav@auda.org.au,Female,216.229.61.251
393,Niki,Ferris,nferrisaw@e-recht24.de,Male,8.237.226.188
394,Bernice,Sugar,bsugarax@geocities.jp,Female,108.253.179.2
395,Julia,Slayford,jslayforday@angelfire.com,Female,169.125.97.189
396,Sharla,Gounod,sgounodaz@bravesites.com,Female,158.22.233.40
397,Joy,O'Grady,jogradyb0@mapquest.com,Female,188.183.85.200
398,Regen,Reeds,rreedsb1@nih.gov,Male,234.193.85.199
399,Linn,Giovanizio,lgiovaniziob2@dyndns.org,Genderfluid,153.189.18.210
400,Clemente,Scarrisbrick,cscarrisbrickb3@ustream.tv,Male,81.158.174.35
401,Crosby,Zannuto,czannutob4@360.cn,Male,171.54.130.135
402,Bellina,Tondeur,btondeurb5@si.edu,Female,230.163.38.83
403,Anjela,Canto,acantob6@free.fr,Female,28.79.75.3
404,Consuelo,McCuish,cmccuishb7@sina.com.cn,Female,229.47.235.192
405,Kristin,Touson,ktousonb8@timesonline.co.uk,Female,170.91.222.25
406,Monah,Cuttles,mcuttlesb9@squarespace.com,Female,223.232.9.180
407,Christiane,Attac,cattacba@sfgate.com,Female,125.60.131.18
408,Johnathon,Nilges,jnilgesbb@ucsd.edu,Male,71.67.232.197
409,Kerk,Meckiff,kmeckiffbc@cpanel.net,Male,27.53.246.182
410,Sargent,MacKessock,smackessockbd@princeton.edu,Male,137.236.150.51
411,Shanna,Vondrak,svondrakbe@imgur.com,Female,15.177.173.63
412,Nerte,Saddleton,nsaddletonbf@usa.gov,Genderqueer,106.189.138.141
413,Tiena,Gagg,tgaggbg@reuters.com,Female,250.83.6.238
414,Grant,Bampkin,gbampkinbh@imdb.com,Male,243.249.156.59
415,Jacobo,Dredge,jdredgebi@surveymonkey.com,Male,196.58.29.26
416,Alic,Skerme,askermebj@paginegialle.it,Male,200.140.177.58
417,Dennie,Tilne,dtilnebk@cloudflare.com,Male,54.246.69.149
418,Buddie,Lewry,blewrybl@goodreads.com,Male,36.85.96.29
419,Fields,Hurley,fhurleybm@github.com,Male,204.157.247.188
420,Dwain,Fuzzey,dfuzzeybn@cnet.com,Male,198.86.90.101
421,Sheffy,Cronin,scroninbo@seattletimes.com,Male,58.90.56.144
422,Adolf,Ferri,aferribp@barnesandnoble.com,Male,240.175.179.210
423,Davey,Causey,dcauseybq@salon.com,Male,28.74.164.42
424,Abran,Bottomer,abottomerbr@themeforest.net,Male,55.123.120.37
425,Stoddard,Paolini,spaolinibs@microsoft.com,Female,254.45.106.101
426,Lion,Morse,lmorsebt@msu.edu,Male,57.81.250.1
427,Eadie,Acosta,eacostabu@cdbaby.com,Female,87.191.106.53
428,Aloysia,Rowes,arowesbv@ucoz.com,Female,163.222.74.25
429,Michaela,Geer,mgeerbw@cargocollective.com,Female,84.172.158.243
430,Paulo,Shutler,pshutlerbx@arizona.edu,Male,190.81.182.49
431,Onida,Mummery,omummeryby@free.fr,Female,222.158.20.216
432,Danya,Corson,dcorsonbz@google.de,Female,110.90.204.66
433,Dollie,Dean,ddeanc0@creativecommons.org,Female,211.127.25.235
434,Dwayne,Audsley,daudsleyc1@ted.com,Male,66.20.131.171
435,Emogene,Rosenbusch,erosenbuschc2@fotki.com,Female,149.248.60.152
436,Floris,Gornal,fgornalc3@youtube.com,Female,51.50.109.176
437,Cleopatra,Tattershall,ctattershallc4@thetimes.co.uk,Female,177.228.241.231
438,Ruthe,Baldery,rbalderyc5@psu.edu,Female,36.192.39.29
439,Norrie,Carolan,ncarolanc6@mtv.com,Male,225.87.175.182
440,Regen,Rubury,rruburyc7@gov.uk,Male,150.72.47.186
441,Kylie,Drane,kdranec8@webnode.com,Female,92.190.187.97
442,Coreen,Eberts,cebertsc9@prnewswire.com,Female,176.42.159.214
443,Carly,Robbey,crobbeyca@printfriendly.com,Male,47.102.161.29
444,Tarra,Skittle,tskittlecb@aboutads.info,Female,248.114.30.185
445,Janna,Semmence,jsemmencecc@yelp.com,Female,18.104.250.103
446,Claudian,Bunclark,cbunclarkcd@ted.com,Male,147.152.88.43
447,Keir,Picker,kpickerce@ox.ac.uk,Male,80.172.78.151
448,Anthia,Blazej,ablazejcf@java.com,Polygender,226.1.117.74
449,Lenore,Renner,lrennercg@scientificamerican.com,Female,74.127.125.249
450,Friederike,Guiu,fguiuch@wired.com,Female,204.16.104.197
451,Alexis,McNiff,amcniffci@ihg.com,Male,195.159.143.118
452,Jeremie,Streeter,jstreetercj@t-online.de,Male,106.26.138.63
453,Lucinda,Rosenzwig,lrosenzwigck@unc.edu,Female,22.53.114.149
454,Chrissy,Arger,cargercl@indiatimes.com,Female,90.47.166.88
455,Barris,Ianno,biannocm@csmonitor.com,Male,207.226.216.121
456,Sidonnie,Schouthede,sschouthedecn@disqus.com,Female,155.142.60.98
457,Jereme,Breeder,jbreederco@narod.ru,Male,86.66.253.21
458,Rudolfo,Jaynes,rjaynescp@ow.ly,Male,82.222.121.64
459,Vanya,Maryon,vmaryoncq@quantcast.com,Male,172.34.18.135
460,Pall,Thebeau,pthebeaucr@reverbnation.com,Male,119.31.71.137
461,Farrell,Money,fmoneycs@google.co.jp,Genderfluid,87.79.162.34
462,Rickie,Cobelli,rcobellict@facebook.com,Male,46.228.9.106
463,Shawn,Crampin,scrampincu@cisco.com,Female,139.41.177.53
464,Wheeler,Dorning,wdorningcv@chron.com,Male,180.34.188.87
465,Laural,Butchard,lbutchardcw@1und1.de,Female,135.235.233.194
466,Oran,Brummell,obrummellcx@hubpages.com,Non-binary,253.161.30.69
467,Constantina,Zuan,czuancy@lycos.com,Female,7.225.116.133
468,Emili,Alberts,ealbertscz@printfriendly.com,Female,124.87.25.107
469,Patricia,Mundell,pmundelld0@nymag.com,Female,203.46.144.2
470,Ilario,Hollier,ihollierd1@amazon.co.uk,Non-binary,172.144.99.212
471,Tanya,Valentin,tvalentind2@theatlantic.com,Female,134.22.10.165
472,Leila,Azam,lazamd3@hubpages.com,Female,101.60.227.214
473,Abram,Orritt,aorrittd4@fema.gov,Male,50.237.16.206
474,Rikki,Ianniello,rianniellod5@ask.com,Genderqueer,129.156.37.197
475,Ludovico,Prisley,lprisleyd6@eepurl.com,Male,109.254.6.123
476,Jakie,Farnorth,jfarnorthd7@last.fm,Male,179.21.116.247
477,Sofie,Phizacklea,sphizacklead8@addthis.com,Female,117.177.213.188
478,Sasha,Scamaden,sscamadend9@diigo.com,Male,198.33.245.254
479,Sauncho,Whiston,swhistonda@freewebs.com,Male,103.234.72.87
480,Randee,Swaine,rswainedb@yellowbook.com,Female,11.231.85.122
481,Pascal,Overall,poveralldc@wikipedia.org,Male,91.127.106.94
482,Dulce,Senn,dsenndd@apple.com,Female,46.224.45.83
483,Gottfried,Whorlton,gwhorltonde@europa.eu,Male,170.253.209.155
484,Eddi,McWilliams,emcwilliamsdf@cocolog-nifty.com,Agender,143.178.32.206
485,Ruthe,Ferns,rfernsdg@usnews.com,Female,24.133.68.114
486,Nissy,Allen,nallendh@ft.com,Female,222.249.34.114
487,Katya,Christophers,kchristophersdi@nasa.gov,Female,63.7.113.135
488,Merrill,Sanday,msandaydj@dell.com,Male,233.171.201.249
489,Hayward,Touhig,htouhigdk@spotify.com,Male,183.70.34.213
490,Ambrosio,Jenno,ajennodl@1688.com,Male,248.51.8.255
491,Karlik,Broadfield,kbroadfielddm@google.fr,Male,215.103.114.131
492,Rosina,Rigg,rriggdn@moonfruit.com,Female,211.63.44.200
493,Kerry,Josupeit,kjosupeitdo@umich.edu,Male,191.110.217.88
494,Frants,Tackett,ftackettdp@reddit.com,Male,124.129.119.144
495,Clarabelle,Branchett,cbranchettdq@answers.com,Female,180.181.189.48
496,Kennie,Partner,kpartnerdr@google.de,Male,48.213.42.187
497,Lexie,Yearron,lyearronds@ft.com,Female,101.25.199.226
498,Rab,Brayfield,rbrayfielddt@oracle.com,Male,96.227.178.125
499,Fernandina,Fitzroy,ffitzroydu@comsenz.com,Female,89.217.172.132
500,Kimberley,Bayly,kbaylydv@msu.edu,Female,115.194.200.0
